event_id,rest_time,heart_rate_stop,heart_rate_start,hr_drop
14,1,136,87,49
35,1,161,144,17
53,1,170,170,0
60,1,156,148,8
112,1,161,161,0
119,1,172,152,20
120,1,161,161,0
144,1,153,152,1
216,1,173,178,-5
226,1,155,148,7
242,1,161,155,6
253,1,80,167,-87
259,1,174,174,0
268,1,169,103,66
282,1,156,91,65
301,1,138,143,-5
327,1,154,151,3
424,1,134,135,-1
424,1,148,132,16
429,1,146,161,-15
500,1,149,152,-3
571,1,134,137,-3
809,1,152,102,50
3,2,165,154,11
3,2,177,177,0
4,2,145,147,-2
14,2,132,113,19
23,2,155,155,0
23,2,159,154,5
25,2,141,138,3
35,2,149,146,3
43,2,164,150,14
56,2,154,152,2
68,2,157,153,4
70,2,150,154,-4
106,2,166,165,1
111,2,162,165,-3
112,2,150,151,-1
144,2,149,150,-1
153,2,163,162,1
161,2,161,151,10
177,2,148,139,9
180,2,153,158,-5
180,2,160,152,8
183,2,161,157,4
184,2,155,161,-6
206,2,158,153,5
209,2,163,165,-2
236,2,164,152,12
242,2,151,155,-4
256,2,147,154,-7
257,2,165,170,-5
258,2,136,124,12
272,2,165,159,6
292,2,151,147,4
292,2,154,141,13
308,2,136,162,-26
327,2,163,148,15
330,2,163,157,6
333,2,152,151,1
339,2,156,122,34
347,2,169,81,88
350,2,133,137,-4
350,2,137,140,-3
350,2,137,121,16
354,2,163,160,3
355,2,151,144,7
359,2,146,141,5
381,2,149,154,-5
424,2,146,154,-8
425,2,140,133,7
432,2,168,162,6
449,2,153,140,13
483,2,128,131,-3
483,2,136,136,0
493,2,136,137,-1
509,2,155,153,2
533,2,132,141,-9
556,2,174,173,1
557,2,137,126,11
560,2,142,141,1
560,2,161,142,19
566,2,161,151,10
566,2,154,141,13
571,2,150,168,-18
575,2,149,162,-13
588,2,136,145,-9
595,2,143,141,2
597,2,150,147,3
601,2,151,150,1
611,2,135,133,2
614,2,139,131,8
825,2,150,122,28
35,3,145,119,26
43,3,165,152,13
43,3,157,156,1
44,3,152,137,15
47,3,160,146,14
57,3,157,111,46
58,3,134,132,2
62,3,162,157,5
69,3,170,161,9
82,3,154,160,-6
96,3,160,154,6
103,3,145,157,-12
116,3,155,148,7
157,3,164,163,1
164,3,170,165,5
168,3,157,149,8
181,3,137,145,-8
184,3,161,160,1
186,3,163,151,12
187,3,170,166,4
191,3,148,157,-9
197,3,165,162,3
216,3,164,185,-21
217,3,137,152,-15
219,3,160,147,13
229,3,152,143,9
241,3,163,163,0
256,3,157,150,7
264,3,156,158,-2
272,3,139,132,7
288,3,163,134,29
295,3,139,119,20
301,3,143,155,-12
319,3,146,137,9
326,3,161,162,-1
326,3,151,143,8
326,3,134,142,-8
331,3,149,149,0
337,3,144,149,-5
338,3,142,125,17
346,3,153,141,12
350,3,144,134,10
360,3,138,124,14
381,3,143,136,7
390,3,157,150,7
424,3,133,124,9
430,3,148,122,26
435,3,167,161,6
437,3,112,135,-23
449,3,150,153,-3
453,3,136,128,8
454,3,137,134,3
471,3,165,164,1
476,3,144,137,7
482,3,134,134,0
483,3,143,148,-5
483,3,158,141,17
502,3,147,144,3
503,3,138,152,-14
507,3,129,166,-37
561,3,143,131,12
562,3,143,140,3
566,3,150,162,-12
570,3,133,113,20
572,3,141,144,-3
572,3,142,147,-5
573,3,151,144,7
576,3,161,151,10
577,3,138,145,-7
579,3,154,156,-2
582,3,168,174,-6
583,3,170,155,15
583,3,167,169,-2
585,3,142,140,2
589,3,148,138,10
593,3,136,137,-1
597,3,145,138,7
609,3,135,134,1
616,3,133,126,7
617,3,156,150,6
664,3,143,153,-10
686,3,136,137,-1
720,3,169,160,9
728,3,155,167,-12
800,3,164,165,-1
820,3,144,130,14
9,4,141,142,-1
14,4,84,124,-40
16,4,131,106,25
17,4,132,123,9
27,4,150,138,12
27,4,156,145,11
31,4,160,150,10
37,4,162,157,5
42,4,170,150,20
43,4,153,148,5
45,4,153,153,0
55,4,165,135,30
58,4,156,159,-3
67,4,159,150,9
95,4,168,151,17
99,4,149,153,-4
101,4,160,202,-42
110,4,160,150,10
119,4,153,155,-2
126,4,158,149,9
148,4,139,109,30
153,4,160,159,1
153,4,160,158,2
155,4,161,150,11
163,4,152,148,4
163,4,144,147,-3
175,4,142,138,4
181,4,147,143,4
193,4,159,162,-3
196,4,177,168,9
201,4,160,149,11
209,4,157,158,-1
213,4,156,151,5
216,4,188,161,27
219,4,150,153,-3
223,4,146,129,17
226,4,148,162,-14
239,4,152,136,16
242,4,167,159,8
262,4,169,166,3
262,4,144,139,5
264,4,161,163,-2
290,4,155,140,15
301,4,169,144,25
312,4,133,129,4
319,4,115,119,-4
333,4,168,156,12
350,4,135,117,18
359,4,139,144,-5
359,4,139,142,-3
362,4,148,133,15
379,4,130,110,20
381,4,149,130,19
388,4,111,107,4
397,4,170,163,7
402,4,171,164,7
439,4,125,130,-5
440,4,133,119,14
478,4,155,122,33
483,4,144,136,8
483,4,146,136,10
483,4,135,127,8
485,4,134,142,-8
492,4,141,138,3
497,4,151,147,4
533,4,145,133,12
556,4,139,124,15
558,4,141,137,4
563,4,155,155,0
565,4,141,142,-1
566,4,143,147,-4
568,4,132,124,8
569,4,146,142,4
571,4,143,143,0
572,4,135,139,-4
574,4,128,131,-3
577,4,142,146,-4
578,4,154,135,19
579,4,156,151,5
580,4,169,157,12
582,4,130,137,-7
582,4,142,136,6
584,4,142,132,10
585,4,128,121,7
585,4,139,131,8
585,4,145,138,7
589,4,136,124,12
589,4,153,136,17
597,4,149,155,-6
597,4,145,147,-2
601,4,149,144,5
608,4,131,114,17
611,4,145,124,21
617,4,157,153,4
619,4,138,133,5
619,4,159,138,21
624,4,136,135,1
636,4,140,121,19
643,4,159,150,9
683,4,153,143,10
808,4,153,156,-3
831,4,142,127,15
832,4,133,124,9
11,5,143,111,32
14,5,138,137,1
22,5,148,143,5
24,5,154,140,14
37,5,158,146,12
37,5,161,156,5
41,5,149,140,9
45,5,155,144,11
70,5,163,146,17
78,5,164,167,-3
80,5,155,152,3
89,5,137,129,8
95,5,154,135,19
101,5,144,141,3
103,5,153,140,13
105,5,159,153,6
125,5,142,139,3
128,5,180,176,4
135,5,171,123,48
136,5,144,134,10
141,5,161,133,28
146,5,155,145,10
149,5,162,150,12
153,5,161,162,-1
155,5,163,147,16
155,5,163,163,0
165,5,165,160,5
175,5,160,139,21
185,5,174,164,10
193,5,163,159,4
193,5,164,158,6
194,5,167,160,7
203,5,163,145,18
206,5,153,148,5
226,5,162,167,-5
243,5,159,148,11
250,5,180,153,27
255,5,167,147,20
255,5,170,136,34
276,5,137,134,3
278,5,141,126,15
290,5,164,157,7
301,5,143,131,12
304,5,166,160,6
319,5,164,175,-11
320,5,145,143,2
326,5,150,135,15
328,5,141,129,12
334,5,145,141,4
339,5,138,137,1
339,5,149,135,14
350,5,127,129,-2
355,5,146,139,7
359,5,147,142,5
393,5,152,141,11
399,5,166,137,29
416,5,135,131,4
431,5,121,140,-19
440,5,135,139,-4
449,5,165,131,34
469,5,141,125,16
470,5,122,126,-4
483,5,157,143,14
483,5,147,136,11
483,5,138,145,-7
497,5,159,162,-3
500,5,138,142,-4
508,5,145,135,10
561,5,147,129,18
562,5,153,150,3
562,5,143,141,2
565,5,148,141,7
567,5,142,127,15
567,5,130,132,-2
569,5,131,128,3
570,5,134,123,11
571,5,142,136,6
584,5,145,124,21
585,5,133,134,-1
585,5,135,126,9
586,5,135,129,6
587,5,155,140,15
590,5,151,154,-3
591,5,138,131,7
605,5,139,132,7
605,5,141,139,2
606,5,130,120,10
613,5,147,144,3
624,5,144,142,2
625,5,130,137,-7
640,5,135,135,0
659,5,156,115,41
668,5,162,157,5
682,5,150,144,6
687,5,155,135,20
721,5,149,151,-2
763,5,149,138,11
768,5,147,110,37
772,5,142,150,-8
831,5,122,122,0
835,5,140,109,31
3,6,155,149,6
24,6,185,156,29
24,6,144,142,2
27,6,138,150,-12
43,6,146,147,-1
43,6,157,140,17
47,6,153,168,-15
51,6,152,131,21
56,6,154,146,8
66,6,154,145,9
85,6,159,157,2
88,6,168,126,42
89,6,134,136,-2
96,6,174,162,12
112,6,161,137,24
126,6,172,147,25
151,6,148,163,-15
153,6,166,153,13
156,6,156,166,-10
159,6,156,146,10
161,6,174,165,9
168,6,160,135,25
168,6,156,146,10
171,6,154,144,10
188,6,164,164,0
204,6,162,152,10
206,6,153,167,-14
211,6,147,141,6
240,6,171,154,17
266,6,170,147,23
275,6,143,134,9
280,6,152,145,7
281,6,137,134,3
282,6,149,141,8
285,6,132,124,8
302,6,126,74,52
350,6,134,119,15
351,6,180,107,73
354,6,153,139,14
355,6,135,128,7
359,6,148,140,8
381,6,134,137,-3
400,6,145,142,3
405,6,134,118,16
409,6,145,124,21
432,6,134,136,-2
438,6,133,109,24
444,6,142,124,18
449,6,151,145,6
452,6,155,127,28
454,6,164,132,32
457,6,163,142,21
461,6,129,124,5
470,6,157,126,31
480,6,139,142,-3
480,6,163,152,11
481,6,172,133,39
483,6,161,85,76
484,6,162,124,38
485,6,144,141,3
493,6,154,154,0
499,6,146,125,21
500,6,135,133,2
521,6,173,133,40
526,6,148,174,-26
530,6,134,118,16
555,6,136,132,4
556,6,152,125,27
557,6,123,132,-9
558,6,136,177,-41
563,6,155,151,4
564,6,148,143,5
565,6,140,143,-3
570,6,134,114,20
570,6,143,128,15
571,6,143,141,2
571,6,153,137,16
572,6,143,142,1
572,6,147,125,22
572,6,138,143,-5
573,6,156,147,9
576,6,153,153,0
576,6,141,134,7
576,6,142,141,1
585,6,136,139,-3
585,6,145,143,2
586,6,155,150,5
586,6,134,130,4
587,6,162,133,29
590,6,152,141,11
594,6,160,136,24
597,6,144,142,2
609,6,147,129,18
614,6,140,134,6
614,6,156,137,19
615,6,134,125,9
626,6,102,99,3
656,6,138,126,12
662,6,148,130,18
667,6,163,159,4
690,6,129,131,-2
713,6,141,129,12
723,6,156,140,16
776,6,107,111,-4
808,6,145,118,27
835,6,164,152,12
5,7,144,119,25
9,7,145,133,12
17,7,163,133,30
17,7,164,135,29
17,7,130,115,15
37,7,160,152,8
39,7,153,145,8
40,7,149,137,12
45,7,160,145,15
58,7,146,148,-2
119,7,171,167,4
134,7,156,144,12
135,7,152,137,15
153,7,154,145,9
156,7,160,143,17
175,7,166,151,15
193,7,163,148,15
206,7,158,152,6
213,7,167,157,10
217,7,160,166,-6
238,7,165,128,37
243,7,155,156,-1
248,7,147,126,21
249,7,156,136,20
260,7,143,136,7
311,7,160,146,14
316,7,135,127,8
317,7,144,133,11
325,7,159,146,13
337,7,160,136,24
339,7,162,154,8
339,7,145,120,25
339,7,132,127,5
347,7,152,132,20
350,7,148,134,14
350,7,141,130,11
355,7,142,135,7
355,7,133,125,8
361,7,146,129,17
381,7,137,129,8
384,7,137,128,9
417,7,146,149,-3
421,7,138,121,17
428,7,133,128,5
445,7,127,129,-2
480,7,153,145,8
480,7,147,131,16
483,7,143,115,28
483,7,149,150,-1
484,7,142,131,11
489,7,148,140,8
497,7,153,160,-7
507,7,151,129,22
517,7,144,122,22
521,7,138,150,-12
535,7,126,115,11
560,7,147,135,12
565,7,141,131,10
570,7,129,126,3
570,7,137,130,7
572,7,144,133,11
580,7,133,131,2
581,7,145,142,3
586,7,126,131,-5
586,7,128,125,3
587,7,145,143,2
591,7,142,128,14
593,7,147,133,14
599,7,146,128,18
606,7,138,126,12
612,7,143,129,14
612,7,163,165,-2
615,7,150,143,7
622,7,157,133,24
643,7,150,139,11
674,7,166,148,18
683,7,140,129,11
686,7,135,129,6
687,7,147,135,12
720,7,164,161,3
782,7,148,137,11
787,7,173,128,45
817,7,136,128,8
4,8,146,125,21
14,8,140,127,13
16,8,157,153,4
28,8,159,142,17
29,8,153,132,21
43,8,156,145,11
45,8,154,136,18
94,8,162,136,26
128,8,171,163,8
161,8,167,162,5
171,8,140,118,22
184,8,166,157,9
213,8,150,130,20
224,8,177,143,34
230,8,158,132,26
230,8,164,151,13
261,8,170,129,41
263,8,145,124,21
287,8,142,142,0
289,8,149,138,11
327,8,138,113,25
350,8,133,131,2
350,8,139,125,14
350,8,138,125,13
357,8,159,134,25
358,8,149,119,30
361,8,144,124,20
368,8,150,123,27
374,8,151,127,24
374,8,115,111,4
388,8,113,106,7
394,8,149,125,24
396,8,144,132,12
398,8,164,155,9
405,8,122,117,5
406,8,155,132,23
412,8,135,126,9
428,8,150,129,21
437,8,159,124,35
445,8,122,121,1
446,8,134,126,8
448,8,131,110,21
449,8,171,130,41
449,8,133,133,0
449,8,139,139,0
476,8,146,130,16
480,8,166,136,30
480,8,152,146,6
482,8,129,129,0
483,8,157,130,27
506,8,165,125,40
509,8,154,133,21
528,8,163,137,26
540,8,127,163,-36
563,8,157,122,35
563,8,150,142,8
565,8,145,137,8
570,8,138,130,8
570,8,128,126,2
571,8,145,139,6
572,8,131,129,2
573,8,137,140,-3
574,8,135,124,11
574,8,133,131,2
576,8,132,131,1
576,8,149,129,20
581,8,132,134,-2
584,8,138,123,15
588,8,147,133,14
593,8,150,134,16
598,8,147,133,14
601,8,145,146,-1
604,8,134,125,9
615,8,131,126,5
622,8,153,135,18
624,8,145,131,14
625,8,147,121,26
633,8,152,123,29
644,8,136,124,12
652,8,149,120,29
652,8,148,140,8
654,8,144,141,3
663,8,171,165,6
681,8,152,136,16
682,8,147,143,4
696,8,150,147,3
794,8,137,116,21
817,8,142,114,28
830,8,143,135,8
20,9,146,116,30
25,9,137,127,10
35,9,147,139,8
37,9,156,155,1
43,9,162,150,12
61,9,170,158,12
95,9,165,159,6
99,9,161,156,5
161,9,165,160,5
161,9,165,154,11
164,9,173,161,12
168,9,148,144,4
209,9,162,150,12
209,9,156,156,0
232,9,156,137,19
239,9,147,147,0
243,9,163,155,8
259,9,174,105,69
260,9,163,191,-28
263,9,135,133,2
296,9,171,140,31
301,9,136,129,7
304,9,166,162,4
338,9,131,119,12
339,9,156,133,23
341,9,149,138,11
347,9,133,125,8
353,9,144,124,20
359,9,146,139,7
382,9,153,146,7
384,9,142,138,4
388,9,109,104,5
403,9,153,132,21
411,9,164,126,38
418,9,142,118,24
452,9,138,127,11
452,9,133,124,9
455,9,150,124,26
459,9,133,124,9
465,9,120,132,-12
480,9,172,130,42
483,9,155,135,20
483,9,141,133,8
483,9,148,117,31
485,9,156,155,1
558,9,130,119,11
560,9,143,152,-9
560,9,143,153,-10
562,9,150,131,19
563,9,153,149,4
565,9,139,139,0
566,9,143,141,2
568,9,128,122,6
574,9,141,127,14
575,9,165,135,30
576,9,157,129,28
576,9,150,124,26
580,9,139,122,17
582,9,143,135,8
582,9,138,132,6
584,9,148,134,14
586,9,127,126,1
586,9,133,129,4
586,9,131,121,10
590,9,151,143,8
591,9,137,114,23
593,9,138,139,-1
593,9,160,122,38
595,9,144,136,8
596,9,145,138,7
597,9,136,135,1
598,9,144,127,17
599,9,142,152,-10
601,9,165,155,10
606,9,127,110,17
607,9,156,122,34
611,9,151,136,15
633,9,132,131,1
634,9,147,142,5
640,9,153,129,24
651,9,147,143,4
660,9,165,148,17
664,9,158,140,18
671,9,133,126,7
679,9,134,127,7
686,9,143,133,10
702,9,151,136,15
702,9,151,143,8
772,9,162,138,24
821,9,142,126,16
822,9,146,131,15
4,10,156,117,39
35,10,150,138,12
41,10,154,143,11
71,10,154,140,14
123,10,164,132,32
131,10,163,155,8
144,10,170,167,3
167,10,148,146,2
181,10,156,128,28
209,10,161,156,5
209,10,160,159,1
237,10,145,123,22
239,10,144,130,14
246,10,161,157,4
258,10,150,120,30
259,10,153,142,11
280,10,162,151,11
282,10,146,142,4
290,10,158,114,44
293,10,165,164,1
297,10,165,126,39
328,10,164,136,28
328,10,150,130,20
328,10,145,132,13
334,10,146,142,4
340,10,162,151,11
351,10,156,136,20
354,10,138,142,-4
356,10,137,122,15
364,10,148,129,19
373,10,142,128,14
377,10,127,124,3
381,10,131,122,9
381,10,154,145,9
394,10,140,117,23
394,10,133,129,4
398,10,142,143,-1
412,10,146,120,26
415,10,173,120,53
428,10,145,126,19
431,10,115,100,15
444,10,124,110,14
454,10,156,116,40
456,10,154,138,16
480,10,150,142,8
480,10,127,150,-23
481,10,165,111,54
483,10,150,124,26
485,10,158,128,30
510,10,127,176,-49
519,10,145,126,19
519,10,131,134,-3
535,10,156,113,43
540,10,131,122,9
557,10,133,114,19
563,10,145,142,3
564,10,141,138,3
565,10,144,130,14
565,10,133,134,-1
567,10,135,124,11
569,10,131,118,13
576,10,142,126,16
579,10,155,146,9
582,10,136,121,15
582,10,145,130,15
585,10,128,124,4
586,10,133,123,10
586,10,135,120,15
594,10,148,125,23
594,10,159,130,29
602,10,166,153,13
604,10,128,111,17
612,10,163,155,8
618,10,136,110,26
619,10,136,117,19
641,10,148,140,8
645,10,165,127,38
651,10,149,137,12
655,10,139,116,23
667,10,150,111,39
688,10,148,129,19
702,10,158,145,13
712,10,143,103,40
713,10,142,128,14
718,10,170,130,40
756,10,143,139,4
765,10,153,138,15
797,10,174,145,29
800,10,151,150,1
832,10,129,119,10
35,11,133,119,14
56,11,161,143,18
61,11,168,159,9
74,11,149,127,22
92,11,156,134,22
127,11,175,145,30
144,11,173,136,37
145,11,143,133,10
161,11,180,167,13
163,11,148,127,21
166,11,155,126,29
167,11,158,148,10
190,11,180,160,20
206,11,147,149,-2
237,11,141,138,3
238,11,160,124,36
260,11,146,135,11
273,11,142,127,15
285,11,142,120,22
292,11,143,135,8
311,11,162,135,27
333,11,138,115,23
359,11,149,142,7
361,11,138,124,14
374,11,121,103,18
379,11,136,132,4
418,11,136,130,6
429,11,133,120,13
439,11,131,114,17
475,11,159,137,22
483,11,135,131,4
483,11,163,115,48
484,11,139,112,27
506,11,164,126,38
526,11,155,107,48
535,11,166,145,21
556,11,152,138,14
563,11,150,137,13
565,11,147,135,12
574,11,133,124,9
579,11,153,135,18
580,11,137,124,13
588,11,154,135,19
589,11,138,124,14
590,11,152,151,1
591,11,138,115,23
592,11,156,106,50
595,11,142,130,12
597,11,158,125,33
601,11,150,138,12
604,11,133,125,8
606,11,132,119,13
617,11,142,125,17
617,11,156,148,8
623,11,150,116,34
624,11,138,135,3
625,11,140,118,22
634,11,156,138,18
641,11,145,130,15
691,11,154,143,11
691,11,157,140,17
703,11,149,136,13
721,11,160,156,4
730,11,148,120,28
733,11,160,135,25
756,11,150,138,12
780,11,148,123,25
783,11,164,147,17
2,12,166,116,50
3,12,154,142,12
62,12,158,124,34
90,12,169,133,36
141,12,170,159,11
155,12,160,107,53
168,12,153,141,12
172,12,169,145,24
174,12,161,157,4
191,12,158,132,26
214,12,164,148,16
223,12,149,128,21
256,12,136,112,24
257,12,147,118,29
263,12,137,112,25
301,12,149,137,12
308,12,145,133,12
309,12,146,137,9
310,12,159,114,45
326,12,142,132,10
328,12,136,116,20
336,12,140,124,16
339,12,141,114,27
347,12,155,115,40
347,12,149,136,13
354,12,168,152,16
355,12,130,123,7
359,12,141,135,6
388,12,148,118,30
393,12,148,139,9
395,12,143,122,21
405,12,137,115,22
417,12,150,105,45
428,12,166,140,26
478,12,144,108,36
481,12,141,129,12
483,12,142,142,0
483,12,145,125,20
490,12,151,126,25
502,12,166,114,52
513,12,148,108,40
535,12,121,110,11
536,12,111,109,2
560,12,156,137,19
561,12,137,125,12
565,12,158,131,27
566,12,144,132,12
570,12,135,122,13
571,12,137,123,14
572,12,150,129,21
572,12,131,119,12
573,12,165,157,8
580,12,131,120,11
581,12,152,137,15
591,12,126,119,7
594,12,142,138,4
606,12,134,119,15
624,12,137,107,30
631,12,139,137,2
647,12,148,141,7
684,12,144,138,6
688,12,150,119,31
706,12,138,137,1
790,12,144,121,23
35,13,148,127,21
35,13,145,141,4
46,13,167,123,44
65,13,155,154,1
93,13,160,129,31
96,13,151,152,-1
148,13,148,149,-1
167,13,154,134,20
172,13,157,169,-12
191,13,149,133,16
229,13,144,142,2
230,13,157,145,12
233,13,162,144,18
241,13,166,143,23
253,13,169,141,28
258,13,132,119,13
288,13,147,130,17
292,13,139,121,18
322,13,148,143,5
331,13,151,128,23
343,13,139,119,20
350,13,139,122,17
355,13,134,121,13
357,13,167,121,46
360,13,144,113,31
372,13,156,118,38
398,13,149,157,-8
405,13,151,139,12
417,13,153,113,40
428,13,134,125,9
444,13,121,101,20
448,13,119,115,4
449,13,154,128,26
465,13,128,109,19
483,13,141,135,6
493,13,145,120,25
517,13,140,152,-12
529,13,155,134,21
534,13,148,124,24
539,13,134,166,-32
567,13,135,119,16
567,13,136,118,18
569,13,131,115,16
569,13,139,120,19
570,13,127,120,7
570,13,125,125,0
575,13,163,123,40
577,13,150,132,18
579,13,143,143,0
580,13,133,127,6
583,13,166,157,9
585,13,132,121,11
590,13,151,137,14
596,13,163,131,32
605,13,139,116,23
615,13,133,119,14
624,13,149,129,20
640,13,139,121,18
644,13,139,130,9
645,13,154,131,23
648,13,122,102,20
652,13,161,140,21
662,13,115,98,17
686,13,151,124,27
686,13,149,140,9
714,13,145,141,4
753,13,135,108,27
757,13,170,125,45
764,13,153,136,17
27,14,147,122,25
28,14,144,142,2
43,14,142,141,1
120,14,159,102,57
131,14,157,116,41
148,14,165,121,44
153,14,165,157,8
157,14,162,150,12
171,14,152,138,14
178,14,156,129,27
205,14,143,119,24
209,14,161,149,12
209,14,159,152,7
213,14,135,116,19
224,14,158,139,19
226,14,168,164,4
257,14,144,118,26
292,14,145,134,11
298,14,145,129,16
301,14,168,179,-11
307,14,144,110,34
332,14,157,139,18
348,14,146,135,11
349,14,141,118,23
350,14,143,114,29
359,14,145,130,15
387,14,136,119,17
387,14,134,121,13
388,14,116,101,15
393,14,143,137,6
394,14,125,113,12
399,14,144,122,22
421,14,128,114,14
425,14,125,109,16
437,14,118,103,15
443,14,131,107,24
448,14,134,119,15
449,14,141,129,12
449,14,129,112,17
483,14,155,115,40
483,14,137,115,22
483,14,124,120,4
484,14,130,125,5
497,14,172,142,30
541,14,157,118,39
557,14,124,111,13
560,14,158,140,18
565,14,149,131,18
569,14,138,117,21
570,14,133,127,6
571,14,168,115,53
574,14,134,105,29
576,14,147,128,19
583,14,172,123,49
584,14,137,111,26
588,14,141,113,28
589,14,127,116,11
592,14,148,114,34
599,14,153,140,13
601,14,145,114,31
607,14,142,110,32
613,14,137,119,18
615,14,129,122,7
618,14,120,107,13
646,14,146,138,8
654,14,141,120,21
657,14,170,159,11
660,14,140,131,9
672,14,156,125,31
688,14,139,131,8
691,14,146,126,20
691,14,164,147,17
718,14,169,169,0
719,14,139,137,2
749,14,147,110,37
750,14,163,180,-17
785,14,138,160,-22
802,14,135,122,13
825,14,141,118,23
35,15,135,132,3
45,15,154,135,19
45,15,150,133,17
65,15,160,146,14
141,15,151,110,41
161,15,168,129,39
203,15,155,164,-9
205,15,166,121,45
209,15,164,144,20
209,15,163,151,12
227,15,142,128,14
241,15,154,153,1
245,15,169,128,41
327,15,146,120,26
334,15,145,128,17
336,15,144,124,20
344,15,136,120,16
344,15,150,124,26
350,15,138,119,19
359,15,157,138,19
360,15,159,100,59
361,15,140,120,20
368,15,149,131,18
375,15,144,124,20
383,15,150,110,40
394,15,129,110,19
431,15,116,93,23
436,15,136,169,-33
444,15,138,117,21
466,15,161,123,38
478,15,164,167,-3
478,15,118,97,21
486,15,129,109,20
506,15,132,111,21
509,15,165,117,48
522,15,141,112,29
536,15,115,165,-50
556,15,134,112,22
566,15,163,139,24
567,15,144,102,42
567,15,137,107,30
574,15,133,114,19
576,15,136,126,10
579,15,159,143,16
580,15,141,118,23
593,15,130,124,6
601,15,139,138,1
604,15,130,112,18
608,15,145,119,26
621,15,165,142,23
622,15,164,112,52
646,15,138,120,18
655,15,148,130,18
662,15,132,112,20
696,15,147,143,4
735,15,164,121,43
794,15,139,98,41
797,15,137,135,2
808,15,156,128,28
23,16,160,124,36
45,16,153,122,31
45,16,160,137,23
66,16,154,139,15
134,16,152,131,21
151,16,156,121,35
154,16,156,94,62
189,16,169,119,50
229,16,165,134,31
236,16,150,134,16
243,16,157,149,8
248,16,117,117,0
297,16,150,134,16
311,16,161,124,37
329,16,131,124,7
331,16,149,127,22
349,16,144,111,33
369,16,138,127,11
373,16,136,93,43
388,16,112,98,14
395,16,137,120,17
400,16,125,100,25
436,16,144,115,29
483,16,131,122,9
502,16,171,130,41
554,16,162,163,-1
557,16,130,103,27
564,16,149,135,14
575,16,150,127,23
585,16,142,124,18
587,16,144,123,21
589,16,137,123,14
590,16,142,142,0
590,16,156,142,14
592,16,133,105,28
593,16,140,119,21
599,16,136,131,5
616,16,124,115,9
616,16,129,111,18
647,16,136,130,6
656,16,144,123,21
673,16,156,100,56
678,16,142,119,23
700,16,145,107,38
706,16,142,128,14
711,16,159,133,26
720,16,170,133,37
776,16,113,88,25
25,17,142,125,17
27,17,152,125,27
39,17,148,136,12
60,17,149,121,28
70,17,151,102,49
73,17,162,119,43
127,17,154,112,42
131,17,160,144,16
134,17,151,130,21
147,17,176,131,45
166,17,156,136,20
243,17,167,137,30
275,17,138,118,20
282,17,145,124,21
289,17,143,107,36
289,17,146,128,18
291,17,170,157,13
301,17,150,115,35
304,17,168,148,20
306,17,153,141,12
318,17,149,127,22
341,17,155,166,-11
354,17,161,153,8
360,17,127,117,10
361,17,144,96,48
366,17,155,110,45
370,17,139,122,17
377,17,132,102,30
395,17,151,95,56
443,17,125,104,21
454,17,124,121,3
480,17,141,101,40
484,17,120,104,16
560,17,142,132,10
564,17,143,121,22
569,17,132,117,15
571,17,141,121,20
577,17,140,96,44
580,17,183,108,75
581,17,147,117,30
581,17,141,122,19
583,17,152,123,29
594,17,149,133,16
603,17,129,111,18
606,17,120,104,16
609,17,130,119,11
611,17,135,107,28
617,17,151,129,22
618,17,129,98,31
655,17,142,123,19
663,17,162,122,40
683,17,135,120,15
702,17,140,115,25
717,17,152,130,22
768,17,131,130,1
791,17,139,120,19
16,18,110,98,12
30,18,141,101,40
43,18,154,132,22
57,18,141,111,30
65,18,155,126,29
88,18,141,135,6
99,18,152,132,20
220,18,153,136,17
243,18,165,141,24
253,18,152,117,35
295,18,123,102,21
304,18,165,146,19
322,18,153,107,46
333,18,158,116,42
340,18,150,120,30
350,18,119,115,4
382,18,153,136,17
446,18,135,103,32
457,18,140,107,33
484,18,131,116,15
528,18,126,117,9
533,18,141,110,31
538,18,143,113,30
554,18,138,116,22
570,18,142,122,20
570,18,128,128,0
584,18,130,113,17
592,18,134,119,15
598,18,147,111,36
599,18,147,134,13
611,18,138,100,38
613,18,148,115,33
617,18,158,151,7
619,18,140,128,12
645,18,142,126,16
657,18,162,151,11
682,18,147,105,42
686,18,149,120,29
687,18,141,135,6
811,18,145,135,10
6,19,157,158,-1
13,19,151,116,35
27,19,146,134,12
39,19,151,128,23
86,19,158,135,23
122,19,169,104,65
205,19,157,126,31
209,19,159,138,21
251,19,164,166,-2
258,19,153,121,32
295,19,131,90,41
298,19,155,132,23
299,19,158,130,28
301,19,182,148,34
311,19,158,115,43
319,19,162,104,58
350,19,139,96,43
361,19,154,109,45
365,19,139,114,25
374,19,132,93,39
375,19,144,121,23
378,19,125,104,21
386,19,146,124,22
394,19,139,111,28
398,19,149,118,31
417,19,148,122,26
439,19,152,111,41
444,19,124,108,16
449,19,149,114,35
462,19,126,120,6
476,19,133,133,0
476,19,134,126,8
478,19,138,116,22
480,19,156,140,16
497,19,165,104,61
502,19,163,139,24
506,19,135,111,24
510,19,152,119,33
535,19,129,91,38
554,19,131,114,17
564,19,143,127,16
570,19,120,127,-7
601,19,147,152,-5
602,19,173,155,18
617,19,151,144,7
619,19,129,103,26
628,19,136,113,23
648,19,165,95,70
657,19,149,132,17
662,19,121,100,21
665,19,149,132,17
668,19,128,120,8
672,19,132,113,19
678,19,140,118,22
687,19,147,133,14
690,19,146,128,18
713,19,130,110,20
719,19,159,116,43
719,19,157,149,8
779,19,123,103,20
19,20,144,118,26
35,20,144,120,24
63,20,154,122,32
132,20,172,145,27
134,20,155,134,21
153,20,157,152,5
153,20,161,149,12
155,20,149,139,10
171,20,145,80,65
175,20,145,107,38
175,20,141,113,28
193,20,164,160,4
209,20,146,140,6
209,20,140,143,-3
238,20,157,123,34
239,20,162,150,12
283,20,165,109,56
327,20,129,107,22
379,20,103,106,-3
383,20,153,134,19
389,20,139,97,42
437,20,118,96,22
447,20,126,108,18
449,20,157,112,45
480,20,164,127,37
483,20,140,127,13
485,20,144,111,33
527,20,147,120,27
556,20,133,102,31
557,20,158,105,53
559,20,147,116,31
564,20,138,128,10
565,20,138,128,10
570,20,138,129,9
572,20,128,116,12
573,20,144,116,28
576,20,143,121,22
578,20,139,113,26
585,20,114,105,9
585,20,137,133,4
587,20,159,128,31
591,20,122,119,3
601,20,161,147,14
603,20,128,112,16
612,20,159,148,11
613,20,132,115,17
615,20,134,116,18
639,20,144,123,21
644,20,138,97,41
648,20,120,110,10
654,20,145,109,36
664,20,141,100,41
671,20,141,112,29
690,20,135,109,26
690,20,148,128,20
721,20,162,152,10
768,20,134,118,16
770,20,144,113,31
808,20,157,133,24
817,20,132,106,26
35,21,124,112,12
58,21,161,125,36
110,21,158,122,36
125,21,160,141,19
128,21,173,136,37
152,21,153,104,49
159,21,149,122,27
160,21,166,142,24
193,21,161,164,-3
215,21,154,126,28
229,21,138,134,4
238,21,157,109,48
239,21,125,137,-12
350,21,138,118,20
355,21,150,103,47
359,21,150,127,23
372,21,164,132,32
391,21,163,140,23
392,21,164,142,22
405,21,121,96,25
424,21,112,101,11
442,21,150,135,15
454,21,137,108,29
458,21,161,103,58
472,21,161,135,26
484,21,153,143,10
502,21,147,123,24
563,21,154,139,15
568,21,130,102,28
579,21,154,128,26
581,21,149,124,25
585,21,137,120,17
590,21,146,147,-1
605,21,138,115,23
614,21,132,112,20
701,21,142,123,19
719,21,171,95,76
753,21,158,118,40
806,21,147,129,18
823,21,152,123,29
829,21,165,113,52
23,22,157,132,25
26,22,155,140,15
45,22,151,129,22
58,22,162,120,42
77,22,148,124,24
105,22,161,120,41
145,22,150,124,26
172,22,169,84,85
232,22,142,106,36
287,22,148,143,5
287,22,150,127,23
293,22,144,130,14
300,22,152,124,28
327,22,152,119,33
347,22,137,114,23
359,22,147,140,7
366,22,146,99,47
368,22,152,132,20
370,22,142,123,19
379,22,112,101,11
387,22,138,113,25
390,22,151,111,40
408,22,146,103,43
411,22,127,90,37
416,22,135,99,36
424,22,138,89,49
438,22,167,138,29
453,22,132,114,18
480,22,163,128,35
490,22,147,136,11
525,22,136,109,27
550,22,136,165,-29
559,22,143,112,31
574,22,133,117,16
579,22,158,126,32
580,22,164,112,52
580,22,139,120,19
582,22,133,110,23
598,22,176,109,67
615,22,138,124,14
621,22,164,122,42
632,22,157,116,41
647,22,138,137,1
648,22,123,110,13
655,22,133,100,33
657,22,143,106,37
686,22,141,132,9
701,22,153,120,33
769,22,125,93,32
779,22,117,99,18
5,23,161,78,83
45,23,157,115,42
85,23,158,121,37
187,23,166,131,35
196,23,164,99,65
218,23,169,125,44
231,23,160,129,31
232,23,151,140,11
237,23,142,125,17
243,23,155,139,16
243,23,150,136,14
251,23,175,164,11
263,23,138,114,24
273,23,130,115,15
277,23,145,117,28
291,23,159,127,32
299,23,164,126,38
312,23,132,114,18
327,23,142,121,21
338,23,120,89,31
343,23,134,119,15
350,23,136,114,22
379,23,120,91,29
387,23,143,115,28
431,23,165,81,84
436,23,139,131,8
441,23,167,109,58
483,23,113,108,5
484,23,159,115,44
502,23,162,127,35
513,23,135,112,23
566,23,149,134,15
570,23,139,113,26
576,23,153,113,40
583,23,150,131,19
594,23,165,130,35
597,23,143,123,20
607,23,136,125,11
615,23,147,127,20
626,23,139,117,22
637,23,159,127,32
638,23,134,114,20
654,23,142,124,18
665,23,162,137,25
667,23,165,151,14
713,23,156,124,32
793,23,160,136,24
817,23,135,114,21
835,23,146,106,40
36,24,132,115,17
67,24,154,118,36
84,24,150,119,31
99,24,162,97,65
200,24,163,124,39
239,24,127,127,0
239,24,154,131,23
242,24,155,112,43
312,24,148,123,25
330,24,133,106,27
333,24,155,113,42
339,24,133,89,44
367,24,152,100,52
379,24,117,104,13
401,24,156,145,11
438,24,166,152,14
438,24,166,154,12
438,24,168,153,15
476,24,154,116,38
481,24,144,124,20
562,24,143,87,56
570,24,115,127,-12
575,24,155,111,44
577,24,149,111,38
581,24,146,118,28
586,24,172,91,81
589,24,135,106,29
595,24,143,119,24
617,24,152,137,15
617,24,156,152,4
630,24,156,127,29
631,24,159,127,32
641,24,127,99,28
648,24,115,82,33
665,24,135,105,30
674,24,141,113,28
686,24,153,125,28
708,24,136,120,16
753,24,152,121,31
832,24,161,106,55
6,25,153,99,54
27,25,146,125,21
56,25,151,127,24
90,25,160,86,74
161,25,158,153,5
184,25,159,139,20
209,25,156,136,20
209,25,160,131,29
223,25,133,118,15
249,25,147,92,55
253,25,156,117,39
302,25,133,153,-20
326,25,142,126,16
354,25,160,129,31
355,25,131,113,18
381,25,132,112,20
411,25,147,109,38
418,25,155,113,42
424,25,137,90,47
429,25,146,118,28
438,25,172,145,27
438,25,169,152,17
438,25,168,154,14
438,25,168,153,15
438,25,169,155,14
438,25,171,154,17
438,25,168,157,11
438,25,164,150,14
438,25,108,102,6
449,25,141,129,12
454,25,162,112,50
484,25,123,111,12
506,25,132,109,23
538,25,163,106,57
545,25,165,160,5
565,25,147,124,23
566,25,158,120,38
567,25,134,115,19
567,25,139,113,26
569,25,136,112,24
571,25,148,117,31
571,25,142,127,15
572,25,117,115,2
573,25,139,98,41
577,25,142,112,30
583,25,158,116,42
586,25,130,119,11
590,25,158,141,17
595,25,140,130,10
595,25,160,130,30
610,25,145,116,29
617,25,153,146,7
630,25,161,106,55
657,25,148,135,13
663,25,136,135,1
691,25,148,141,7
706,25,141,117,24
713,25,134,117,17
714,25,159,118,41
744,25,138,149,-11
747,25,148,119,29
763,25,148,121,27
782,25,169,164,5
808,25,126,125,1
808,25,158,143,15
833,25,153,106,47
835,25,155,121,34
9,26,148,105,43
17,26,139,93,46
23,26,160,131,29
71,26,167,129,38
97,26,155,137,18
141,26,168,133,35
156,26,158,147,11
167,26,161,137,24
184,26,161,145,16
209,26,159,141,18
219,26,157,104,53
224,26,158,154,4
243,26,150,131,19
245,26,165,145,20
300,26,138,120,18
304,26,193,109,84
322,26,141,115,26
350,26,141,117,24
359,26,143,107,36
361,26,148,96,52
369,26,137,114,23
376,26,135,93,42
378,26,132,97,35
385,26,172,111,61
401,26,162,122,40
419,26,150,131,19
430,26,126,91,35
438,26,166,149,17
438,26,169,145,24
438,26,170,153,17
438,26,166,141,25
438,26,169,154,15
438,26,166,156,10
438,26,167,149,18
438,26,166,160,6
459,26,140,93,47
483,26,140,121,19
502,26,144,115,29
562,26,152,118,34
570,26,132,115,17
582,26,138,100,38
585,26,145,125,20
588,26,142,113,29
601,26,151,132,19
607,26,138,123,15
614,26,135,103,32
620,26,171,147,24
648,26,139,115,24
660,26,144,105,39
660,26,168,146,22
672,26,143,134,9
681,26,143,115,28
689,26,146,126,20
718,26,176,169,7
719,26,151,135,16
24,27,165,102,63
91,27,156,114,42
107,27,163,95,68
161,27,166,150,16
209,27,165,148,17
223,27,149,105,44
228,27,158,128,30
236,27,166,119,47
243,27,159,131,28
244,27,152,125,27
256,27,129,121,8
293,27,141,121,20
310,27,125,124,1
319,27,125,113,12
337,27,155,122,33
341,27,165,167,-2
374,27,120,87,33
381,27,124,111,13
384,27,146,106,40
391,27,143,96,47
398,27,152,120,32
400,27,117,83,34
424,27,126,105,21
438,27,164,148,16
438,27,167,150,17
438,27,167,148,19
442,27,153,126,27
444,27,151,90,61
447,27,128,75,53
449,27,142,119,23
502,27,148,95,53
530,27,147,98,49
544,27,142,102,40
569,27,157,94,63
572,27,130,115,15
579,27,171,154,17
590,27,163,146,17
600,27,158,169,-11
602,27,157,137,20
605,27,141,112,29
609,27,130,122,8
628,27,124,89,35
763,27,140,114,26
783,27,157,137,20
787,27,170,131,39
817,27,118,117,1
60,28,137,105,32
195,28,180,190,-10
200,28,156,107,49
209,28,153,127,26
211,28,160,119,41
226,28,167,143,24
239,28,152,123,29
246,28,166,162,4
253,28,162,102,60
265,28,153,128,25
307,28,140,101,39
307,28,122,115,7
327,28,151,128,23
351,28,165,116,49
356,28,145,152,-7
359,28,153,128,25
359,28,147,137,10
391,28,149,140,9
396,28,168,122,46
436,28,148,100,48
480,28,128,115,13
483,28,124,122,2
484,28,108,98,10
484,28,161,85,76
486,28,155,119,36
488,28,144,103,41
491,28,147,101,46
493,28,146,119,27
539,28,148,114,34
564,28,150,114,36
565,28,142,125,17
568,28,131,105,26
568,28,130,96,34
569,28,135,100,35
576,28,164,120,44
579,28,148,104,44
581,28,137,125,12
581,28,146,91,55
592,28,143,110,33
607,28,143,123,20
619,28,138,123,15
644,28,135,109,26
644,28,116,122,-6
657,28,137,87,50
667,28,139,117,22
667,28,172,151,21
696,28,139,95,44
712,28,136,103,33
803,28,135,99,36
808,28,144,122,22
45,29,164,116,48
110,29,159,121,38
142,29,175,138,37
153,29,166,135,31
165,29,139,88,51
188,29,160,158,2
237,29,154,110,44
239,29,149,103,46
239,29,150,127,23
240,29,175,112,63
249,29,149,126,23
285,29,143,78,65
295,29,122,83,39
304,29,168,131,37
396,29,146,146,0
396,29,165,118,47
436,29,153,96,57
453,29,111,112,-1
454,29,159,114,45
466,29,131,110,21
484,29,133,98,35
572,29,162,101,61
572,29,149,121,28
576,29,141,114,27
581,29,165,107,58
591,29,126,89,37
597,29,146,110,36
605,29,158,143,15
626,29,158,95,63
631,29,144,99,45
719,29,166,138,28
747,29,157,124,33
776,29,116,92,24
793,29,136,121,15
4,30,162,102,60
27,30,146,109,37
107,30,174,131,43
168,30,155,126,29
203,30,159,148,11
241,30,170,126,44
244,30,164,116,48
255,30,166,101,65
256,30,154,106,48
275,30,131,93,38
281,30,152,97,55
301,30,138,106,32
355,30,141,91,50
359,30,146,134,12
359,30,146,141,5
366,30,157,140,17
370,30,134,125,9
393,30,125,130,-5
412,30,164,122,42
458,30,170,101,69
470,30,120,96,24
482,30,137,113,24
499,30,142,117,25
513,30,150,97,53
558,30,142,96,46
572,30,161,95,66
579,30,147,129,18
581,30,143,115,28
588,30,151,118,33
595,30,147,129,18
597,30,147,124,23
599,30,143,125,18
611,30,144,89,55
612,30,142,136,6
612,30,156,147,9
635,30,149,94,55
640,30,137,110,27
676,30,147,109,38
681,30,150,136,14
684,30,134,112,22
703,30,134,87,47
772,30,152,120,32
793,30,138,118,20
826,30,143,116,27
18,31,150,126,24
128,31,172,151,21
140,31,153,102,51
144,31,151,111,40
148,31,145,103,42
156,31,145,115,30
156,31,139,142,-3
165,31,163,116,47
183,31,157,103,54
201,31,156,87,69
236,31,151,130,21
239,31,152,100,52
239,31,154,126,28
239,31,143,116,27
244,31,158,122,36
248,31,126,106,20
249,31,159,128,31
257,31,169,118,51
262,31,147,133,14
262,31,144,115,29
276,31,161,106,55
297,31,148,121,27
299,31,162,128,34
359,31,159,137,22
374,31,137,98,39
393,31,149,114,35
396,31,148,148,0
414,31,131,106,25
414,31,146,100,46
433,31,150,123,27
445,31,143,87,56
484,31,101,91,10
514,31,144,101,43
528,31,143,120,23
575,31,161,163,-2
584,31,139,93,46
599,31,145,114,31
602,31,159,101,58
603,31,124,92,32
606,31,123,92,31
612,31,161,131,30
632,31,178,163,15
654,31,146,123,23
660,31,133,100,33
670,31,150,147,3
696,31,163,119,44
707,31,127,108,19
712,31,103,110,-7
722,31,151,115,36
768,31,114,113,1
821,31,133,117,16
835,31,156,128,28
66,32,150,119,31
90,32,147,94,53
109,32,163,114,49
139,32,153,123,30
142,32,169,128,41
163,32,154,108,46
167,32,159,134,25
225,32,161,145,16
276,32,146,88,58
296,32,153,112,41
347,32,158,76,82
350,32,139,100,39
367,32,163,105,58
371,32,147,114,33
383,32,152,124,28
386,32,154,134,20
388,32,114,89,25
403,32,147,107,40
406,32,149,134,15
417,32,123,110,13
483,32,142,130,12
497,32,166,120,46
509,32,170,103,67
570,32,146,127,19
579,32,153,117,36
601,32,155,142,13
617,32,154,141,13
617,32,154,149,5
623,32,129,108,21
644,32,137,111,26
646,32,148,120,28
657,32,156,129,27
692,32,129,89,40
706,32,163,112,51
721,32,154,137,17
747,32,136,118,18
767,32,154,92,62
785,32,144,105,39
821,32,140,123,17
834,32,161,107,54
43,33,162,125,37
101,33,210,241,-31
142,33,169,141,28
216,33,194,96,98
239,33,142,134,8
249,33,145,109,36
283,33,152,130,22
307,33,154,113,41
339,33,132,84,48
360,33,141,87,54
376,33,135,86,49
393,33,146,130,16
405,33,123,92,31
428,33,149,142,7
437,33,124,90,34
551,33,138,113,25
565,33,142,117,25
573,33,155,130,25
581,33,147,88,59
581,33,149,109,40
581,33,162,110,52
583,33,160,129,31
585,33,131,107,24
588,33,120,115,5
591,33,132,111,21
607,33,128,101,27
613,33,126,102,24
620,33,175,125,50
631,33,150,100,50
636,33,121,85,36
641,33,135,89,46
665,33,148,127,21
671,33,137,93,44
706,33,132,97,35
779,33,123,100,23
813,33,146,120,26
28,34,155,98,57
66,34,160,126,34
165,34,155,107,48
236,34,159,127,32
239,34,154,124,30
270,34,174,105,69
291,34,163,117,46
359,34,148,122,26
359,34,153,133,20
363,34,156,98,58
365,34,142,78,64
369,34,141,113,28
372,34,143,92,51
381,34,137,108,29
415,34,162,117,45
458,34,146,74,72
483,34,104,86,18
484,34,127,88,39
571,34,144,115,29
585,34,122,95,27
611,34,129,100,29
632,34,165,122,43
638,34,128,84,44
640,34,164,139,25
678,34,134,102,32
12,35,154,97,57
57,35,128,107,21
145,35,168,123,45
156,35,163,139,24
212,35,152,134,18
214,35,155,144,11
225,35,168,124,44
334,35,145,121,24
357,35,154,131,23
381,35,122,107,15
388,35,112,89,23
424,35,135,61,74
461,35,130,98,32
481,35,157,91,66
493,35,123,104,19
513,35,147,95,52
586,35,137,106,31
612,35,167,144,23
653,35,148,115,33
660,35,163,141,22
663,35,156,157,-1
690,35,144,120,24
698,35,149,117,32
706,35,135,101,34
708,35,143,104,39
723,35,142,95,47
750,35,135,127,8
797,35,163,159,4
835,35,160,131,29
95,36,145,151,-6
102,36,168,105,63
182,36,176,126,50
227,36,109,109,0
327,36,122,98,24
330,36,159,107,52
379,36,123,82,41
400,36,148,98,50
406,36,153,123,30
429,36,141,95,46
457,36,119,92,27
502,36,158,81,77
564,36,135,110,25
575,36,146,98,48
579,36,144,118,26
615,36,136,103,33
647,36,150,122,28
690,36,145,108,37
695,36,139,114,25
702,36,132,123,9
710,36,97,90,7
753,36,146,85,61
756,36,156,128,28
811,36,147,122,25
14,37,113,72,41
27,37,137,100,37
85,37,149,88,61
92,37,157,127,30
125,37,155,164,-9
156,37,124,130,-6
209,37,158,107,51
216,37,169,134,35
239,37,156,129,27
246,37,162,175,-13
392,37,168,122,46
449,37,151,122,29
567,37,132,107,25
572,37,149,124,25
576,37,139,124,15
577,37,135,105,30
580,37,136,106,30
601,37,140,124,16
612,37,155,127,28
632,37,148,104,44
635,37,163,124,39
654,37,139,108,31
657,37,141,107,34
670,37,157,115,42
683,37,145,111,34
701,37,137,112,25
708,37,143,100,43
708,37,138,106,32
810,37,177,138,39
817,37,137,100,37
59,38,163,85,78
130,38,178,145,33
153,38,147,142,5
222,38,164,137,27
239,38,141,112,29
260,38,166,94,72
283,38,169,143,26
287,38,148,96,52
302,38,132,85,47
318,38,157,110,47
359,38,143,127,16
361,38,137,86,51
449,38,155,107,48
467,38,140,73,67
483,38,150,104,46
513,38,137,87,50
557,38,130,94,36
561,38,135,98,37
563,38,160,114,46
565,38,149,106,43
572,38,138,111,27
573,38,135,111,24
583,38,141,113,28
585,38,140,97,43
588,38,140,98,42
613,38,139,97,42
617,38,156,139,17
633,38,171,133,38
645,38,140,127,13
670,38,160,87,73
707,38,142,103,39
217,39,152,121,31
235,39,171,145,26
243,39,161,100,61
248,39,129,102,27
256,39,129,89,40
287,39,152,110,42
293,39,154,105,49
302,39,163,81,82
309,39,149,115,34
317,39,132,79,53
331,39,142,120,22
357,39,155,115,40
359,39,143,124,19
376,39,132,102,30
389,39,140,102,38
396,39,140,133,7
428,39,171,116,55
428,39,134,116,18
556,39,127,102,25
560,39,150,123,27
612,39,151,132,19
654,39,141,106,35
667,39,162,139,23
688,39,153,104,49
750,39,152,109,43
772,39,151,93,58
21,40,137,107,30
58,40,134,122,12
235,40,168,111,57
239,40,127,102,25
275,40,145,77,68
310,40,142,67,75
318,40,144,84,60
359,40,122,116,6
363,40,164,102,62
453,40,136,78,58
483,40,138,113,25
513,40,160,101,59
568,40,128,87,41
573,40,145,123,22
585,40,138,83,55
602,40,163,140,23
604,40,146,108,38
608,40,131,106,25
612,40,115,110,5
617,40,152,144,8
635,40,153,122,31
638,40,156,101,55
652,40,148,123,25
678,40,132,105,27
763,40,143,119,24
763,40,150,115,35
803,40,133,95,38
821,40,154,88,66
17,41,161,92,69
22,41,170,141,29
172,41,158,104,54
252,41,140,105,35
253,41,163,93,70
283,41,168,134,34
283,41,169,131,38
298,41,157,84,73
484,41,123,91,32
565,41,144,103,41
589,41,122,114,8
610,41,151,122,29
683,41,141,101,40
687,41,143,120,23
719,41,168,109,59
835,41,153,78,75
214,42,168,135,33
239,42,155,110,45
252,42,142,99,43
256,42,129,85,44
327,42,146,123,23
359,42,152,109,43
367,42,161,104,57
368,42,155,129,26
393,42,143,111,32
401,42,149,103,46
453,42,133,88,45
562,42,102,98,4
605,42,146,110,36
613,42,143,91,52
633,42,162,120,42
674,42,140,109,31
695,42,152,102,50
708,42,144,110,34
719,42,159,109,50
817,42,111,87,24
9,43,147,88,59
45,43,153,102,51
256,43,163,93,70
265,43,150,103,47
298,43,154,83,71
354,43,155,123,32
361,43,188,102,86
445,43,137,93,44
506,43,133,78,55
564,43,158,112,46
581,43,142,106,36
593,43,139,116,23
599,43,149,110,39
610,43,144,112,32
611,43,119,112,7
633,43,139,82,57
648,43,133,97,36
706,43,143,112,31
719,43,186,177,9
776,43,143,83,60
110,44,153,106,47
123,44,150,130,20
348,44,151,114,37
349,44,129,82,47
411,44,119,79,40
441,44,133,101,32
483,44,151,103,48
504,44,142,98,44
560,44,152,127,25
565,44,148,95,53
576,44,145,107,38
597,44,156,126,30
606,44,157,91,66
612,44,152,108,44
615,44,161,108,53
652,44,145,92,53
662,44,134,105,29
684,44,157,116,41
688,44,144,105,39
705,44,148,80,68
826,44,147,99,48
22,45,147,100,47
41,45,152,105,47
171,45,148,84,64
200,45,163,136,27
213,45,172,124,48
239,45,120,118,2
299,45,163,96,67
354,45,155,124,31
359,45,146,114,32
384,45,143,102,41
391,45,139,93,46
403,45,119,115,4
410,45,171,108,63
564,45,148,117,31
569,45,134,102,32
585,45,148,82,66
587,45,148,99,49
597,45,155,116,39
619,45,124,90,34
667,45,163,111,52
702,45,141,90,51
735,45,154,90,64
768,45,131,101,30
835,45,139,90,49
46,46,158,129,29
126,46,164,137,27
133,46,168,140,28
209,46,155,115,40
218,46,170,94,76
237,46,154,84,70
239,46,144,115,29
253,46,165,111,54
339,46,143,88,55
343,46,143,93,50
358,46,152,119,33
376,46,118,92,26
379,46,117,120,-3
393,46,146,105,41
471,46,163,94,69
499,46,131,110,21
568,46,153,90,63
568,46,123,92,31
570,46,137,103,34
572,46,142,101,41
585,46,135,86,49
603,46,146,99,47
605,46,133,101,32
606,46,128,84,44
624,46,133,116,17
713,46,145,89,56
719,46,155,98,57
772,46,160,92,68
784,46,158,101,57
812,46,155,86,69
149,47,163,92,71
167,47,159,127,32
232,47,148,98,50
258,47,139,98,41
262,47,141,96,45
303,47,156,104,52
439,47,135,86,49
454,47,142,89,53
485,47,161,111,50
565,47,149,107,42
570,47,133,111,22
581,47,144,102,42
585,47,134,87,47
600,47,155,97,58
713,47,106,91,15
732,47,135,63,72
763,47,134,102,32
767,47,118,115,3
795,47,146,98,48
804,47,145,110,35
16,48,140,96,44
89,48,139,105,34
156,48,158,114,44
248,48,83,79,4
260,48,152,118,34
299,48,125,119,6
306,48,197,133,64
329,48,138,94,44
332,48,155,119,36
356,48,108,72,36
399,48,153,109,44
412,48,142,104,38
478,48,119,77,42
585,48,132,104,28
585,48,138,88,50
599,48,142,119,23
617,48,154,141,13
620,48,177,126,51
656,48,151,123,28
671,48,125,87,38
747,48,148,97,51
767,48,107,103,4
776,48,115,87,28
812,48,161,80,81
43,49,154,119,35
169,49,144,127,17
219,49,162,105,57
243,49,132,93,39
306,49,172,136,36
351,49,110,91,19
455,49,145,94,51
483,49,129,73,56
577,49,102,87,15
579,49,170,126,44
612,49,158,141,17
629,49,155,88,67
657,49,149,111,38
671,49,128,75,53
702,49,124,95,29
707,49,124,93,31
710,49,148,59,89
829,49,136,92,44
834,49,156,79,77
1,50,156,82,74
237,50,148,95,53
262,50,140,106,34
265,50,151,91,60
289,50,147,108,39
296,50,147,101,46
306,50,176,131,45
306,50,170,136,34
306,50,175,141,34
365,50,100,87,13
386,50,155,113,42
437,50,116,73,43
446,50,123,89,34
455,50,137,91,46
484,50,137,77,60
561,50,140,96,44
562,50,146,97,49
572,50,128,99,29
572,50,135,109,26
583,50,125,106,19
615,50,137,115,22
654,50,132,86,46
671,50,130,99,31
704,50,142,84,58
821,50,138,95,43
37,51,157,117,40
151,51,163,96,67
234,51,175,122,53
237,51,150,84,66
238,51,159,86,73
306,51,171,136,35
371,51,137,106,31
428,51,153,110,43
449,51,150,91,59
480,51,119,100,19
549,51,103,68,35
605,51,157,112,45
608,51,123,83,40
608,51,119,89,30
609,51,132,100,32
612,51,152,141,11
652,51,147,72,75
691,51,153,128,25
808,51,145,109,36
151,52,142,68,74
209,52,154,116,38
222,52,170,118,52
306,52,164,128,36
306,52,172,134,38
306,52,167,137,30
372,52,149,99,50
382,52,162,96,66
432,52,134,93,41
453,52,165,98,67
557,52,129,90,39
568,52,158,76,82
583,52,149,128,21
593,52,147,77,70
605,52,149,117,32
611,52,145,99,46
663,52,141,72,69
807,52,138,80,58
43,53,150,61,89
58,53,164,94,70
186,53,174,135,39
306,53,171,127,44
306,53,172,130,42
350,53,103,88,15
395,53,139,96,43
396,53,167,118,49
400,53,136,64,72
509,53,156,69,87
637,53,151,88,63
675,53,141,91,50
186,54,173,137,36
186,54,178,139,39
236,54,156,106,50
248,54,126,78,48
254,54,161,96,65
264,54,166,127,39
317,54,138,75,63
374,54,162,76,86
381,54,158,87,71
396,54,169,123,46
406,54,154,89,65
480,54,136,102,34
484,54,135,81,54
569,54,131,81,50
581,54,142,82,60
594,54,142,111,31
651,54,160,121,39
683,54,138,105,33
750,54,166,171,-5
779,54,170,81,89
138,55,175,119,56
153,55,164,134,30
248,55,138,71,67
252,55,139,98,41
328,55,141,128,13
365,55,132,96,36
396,55,167,119,48
396,55,167,122,45
411,55,140,68,72
564,55,147,106,41
588,55,142,86,56
591,55,135,78,57
605,55,159,111,48
619,55,135,92,43
665,55,145,102,43
669,55,171,144,27
694,55,139,62,77
702,55,142,134,8
209,56,137,111,26
211,56,146,89,57
213,56,170,123,47
264,56,166,127,39
264,56,165,126,39
340,56,155,95,60
367,56,154,96,58
393,56,138,118,20
475,56,148,86,62
567,56,129,83,46
674,56,133,82,51
684,56,134,68,66
684,56,155,102,53
713,56,134,92,42
717,56,135,99,36
727,56,142,58,84
817,56,128,83,45
820,56,132,90,42
123,57,138,97,41
209,57,146,122,24
256,57,152,74,78
264,57,166,126,40
293,57,141,128,13
372,57,149,107,42
396,57,167,115,52
454,57,159,66,93
525,57,125,81,44
579,57,149,105,44
584,57,139,78,61
585,57,150,99,51
597,57,148,120,28
632,57,149,105,44
632,57,176,140,36
669,57,170,122,48
669,57,169,130,39
675,57,164,92,72
678,57,134,95,39
803,57,128,92,36
25,58,142,82,60
44,58,172,104,68
167,58,172,137,35
186,58,176,136,40
239,58,155,89,66
257,58,135,79,56
264,58,167,127,40
290,58,167,83,84
290,58,158,71,87
577,58,141,101,40
597,58,105,66,39
651,58,150,123,27
656,58,163,127,36
660,58,155,93,62
669,58,170,114,56
674,58,150,99,51
719,58,162,76,86
756,58,143,119,24
811,58,166,75,91
29,59,154,174,-20
152,59,173,86,87
186,59,173,117,56
186,59,172,129,43
264,59,163,125,38
340,59,159,116,43
396,59,166,106,60
669,59,170,129,41
669,59,176,138,38
719,59,175,122,53
809,59,147,76,71
86,60,153,100,53
375,60,138,80,58
378,60,136,84,52
465,60,125,77,48
581,60,143,84,59
688,60,148,102,46
710,60,163,54,109
808,60,146,121,25
835,60,88,73,15
21,61,126,94,32
27,61,151,99,52
38,61,159,108,51
243,61,152,82,70
264,61,165,111,54
301,61,134,136,-2
483,61,142,106,36
530,61,129,82,47
577,61,155,89,66
654,61,138,107,31
665,61,136,93,43
45,62,159,84,75
82,62,162,59,103
142,62,172,124,48
239,62,161,112,49
264,62,166,124,42
272,62,138,83,55
364,62,137,81,56
413,62,115,75,40
466,62,135,93,42
493,62,144,79,65
511,62,91,88,3
669,62,168,114,54
35,63,147,100,47
37,63,160,113,47
145,63,158,83,75
255,63,168,92,76
326,63,158,86,72
392,63,155,116,39
410,63,148,83,65
591,63,132,90,42
605,63,132,85,47
632,63,175,132,43
644,63,138,89,49
687,63,142,106,36
718,63,170,82,88
82,64,148,51,97
219,64,160,99,61
392,64,154,102,52
663,64,162,91,71
706,64,130,98,32
772,64,167,62,105
779,64,121,94,27
129,65,167,120,47
239,65,143,84,59
257,65,149,75,74
335,65,141,88,53
339,65,139,70,69
441,65,134,86,48
610,65,147,112,35
656,65,151,125,26
688,65,149,97,52
689,65,154,89,65
701,65,140,100,40
776,65,134,76,58
830,65,139,64,75
163,66,167,105,62
224,66,160,93,67
532,66,165,93,72
585,66,131,86,45
620,66,168,121,47
662,66,125,75,50
133,67,169,109,60
169,67,161,111,50
371,67,123,104,19
570,67,136,89,47
572,67,148,83,65
573,67,167,104,63
594,67,157,98,59
604,67,129,81,48
643,67,162,120,42
670,67,171,106,65
748,67,139,90,49
757,67,136,105,31
483,68,121,97,24
484,68,129,66,63
617,68,138,136,2
657,68,141,117,24
675,68,135,86,49
763,68,140,94,46
821,68,112,95,17
822,68,137,92,45
172,69,166,75,91
333,69,153,115,38
500,69,142,96,46
686,69,136,106,30
821,69,143,94,49
29,70,109,82,27
150,70,161,109,52
236,70,160,94,66
248,70,151,102,49
258,70,132,79,53
332,70,153,107,46
399,70,122,117,5
567,70,140,83,57
570,70,134,102,32
573,70,159,116,43
773,70,147,89,58
800,70,169,103,66
4,71,148,106,42
17,71,142,71,71
22,71,166,94,72
85,71,156,95,61
236,71,158,76,82
443,71,131,69,62
502,71,146,85,61
534,71,146,91,55
579,71,169,106,63
617,71,154,137,17
695,71,143,86,57
229,72,154,99,55
281,72,123,57,66
337,72,141,99,42
415,72,168,96,72
417,72,158,64,94
449,72,140,107,33
579,72,156,105,51
585,72,140,79,61
663,72,137,114,23
820,72,138,91,47
142,73,174,124,50
163,73,169,90,79
213,73,154,125,29
264,73,166,116,50
283,73,166,109,57
370,73,140,79,61
397,73,164,92,72
517,73,157,100,57
541,73,161,103,58
585,73,136,87,49
167,74,167,111,56
231,74,136,103,33
238,74,154,102,52
283,74,167,119,48
391,74,172,91,81
403,74,147,107,40
435,74,181,139,42
449,74,147,92,55
449,74,161,107,54
554,74,120,77,43
557,74,123,81,42
612,74,154,106,48
612,74,164,131,33
669,74,171,125,46
684,74,148,99,49
694,74,132,88,44
58,75,166,109,57
359,75,146,107,39
366,75,153,91,62
371,75,142,109,33
422,75,124,72,52
440,75,123,65,58
647,75,149,109,40
654,75,133,100,33
241,76,164,100,64
372,76,145,94,51
617,76,173,115,58
701,76,128,102,26
795,76,149,108,41
238,77,122,89,33
372,77,141,97,44
449,77,116,84,32
657,77,142,108,34
684,77,132,69,63
790,77,135,77,58
128,78,168,125,43
316,78,157,126,31
348,78,156,100,56
349,78,137,79,58
370,78,142,88,54
398,78,167,114,53
483,78,149,60,89
585,78,170,69,101
720,78,165,77,88
735,78,163,65,98
239,79,161,94,67
281,79,136,68,68
643,79,164,125,39
657,79,147,115,32
817,79,137,81,56
29,80,116,83,33
293,80,155,75,80
370,80,143,97,46
448,80,124,72,52
470,80,127,84,43
480,80,153,99,54
657,80,146,115,31
801,80,170,113,57
124,81,151,114,37
239,81,144,75,69
258,81,141,89,52
272,81,134,79,55
398,81,160,105,55
567,81,141,64,77
717,81,134,83,51
277,82,142,91,51
301,82,137,116,21
331,82,143,71,72
360,83,128,86,42
511,83,154,73,81
612,83,165,127,38
635,83,147,109,38
644,83,137,80,57
238,84,161,87,74
417,84,148,82,66
786,84,166,66,100
808,84,104,95,9
344,85,138,87,51
486,85,164,48,116
681,85,154,113,41
793,85,154,96,58
803,85,132,81,51
16,86,149,90,59
181,86,150,89,61
237,86,129,65,64
310,86,131,69,62
654,86,141,99,42
805,86,142,81,61
213,87,106,87,19
257,87,150,76,74
320,87,173,114,59
392,87,161,104,57
398,87,157,93,64
581,87,138,79,59
605,87,143,85,58
711,87,151,92,59
237,88,144,63,81
594,88,164,86,78
665,88,143,108,35
706,88,132,82,50
814,88,147,85,62
265,89,154,88,66
612,89,159,130,29
152,90,153,90,63
357,90,156,94,62
371,90,146,100,46
626,90,96,134,-38
672,90,137,87,50
674,90,151,103,48
813,90,167,102,65
233,91,155,97,58
320,91,171,88,83
348,91,149,72,77
410,91,145,88,57
756,91,143,105,38
244,92,146,99,47
301,92,160,85,75
320,92,174,97,77
320,92,174,116,58
335,92,140,109,31
436,92,140,112,28
320,93,175,106,69
357,93,165,117,48
429,93,133,91,42
459,93,135,92,43
476,93,140,84,56
666,93,140,83,57
678,93,134,82,52
686,93,126,93,33
234,94,172,100,72
423,94,160,111,49
454,94,136,86,50
657,94,156,117,39
669,94,167,108,59
701,94,142,79,63
246,95,163,102,61
307,95,140,83,57
351,95,143,88,55
676,95,155,85,70
703,95,141,77,64
407,96,175,106,69
528,96,142,80,62
601,96,156,110,46
669,96,171,116,55
689,96,138,87,51
710,96,136,89,47
776,96,110,87,23
811,96,160,57,103
817,96,130,87,43
305,97,147,82,65
392,97,157,114,43
476,97,107,87,20
643,97,175,130,45
657,97,147,113,34
811,97,146,78,68
817,97,159,43,116
337,98,147,92,55
409,98,129,72,57
346,99,143,85,58
358,99,150,106,44
375,99,156,74,82
657,99,151,110,41
687,99,139,75,64
241,100,170,107,63
265,100,147,100,47
277,100,148,86,62
281,100,129,59,70
354,100,157,97,60
364,100,176,61,115
492,100,158,94,64
669,100,172,123,49
680,100,138,81,57
709,100,149,75,74
138,101,178,131,47
668,101,158,93,65
689,101,157,104,53
280,102,143,103,40
407,102,171,109,62
29,103,165,106,59
122,103,179,112,67
138,103,170,118,52
285,103,128,78,50
289,103,151,95,56
335,103,151,94,57
354,103,163,117,46
359,103,142,113,29
363,103,167,89,78
396,103,166,96,70
407,103,173,100,73
648,103,131,79,52
663,103,156,112,44
135,104,119,115,4
135,104,173,124,49
274,104,161,99,62
322,104,160,101,59
402,104,166,99,67
407,104,170,102,68
462,104,142,73,69
476,104,151,109,42
359,105,142,105,37
398,105,152,77,75
413,105,171,92,79
499,105,153,87,66
135,106,173,120,53
356,106,140,77,63
393,106,145,106,39
667,106,138,83,55
135,107,170,127,43
173,107,173,96,77
296,107,137,93,44
332,107,155,93,62
124,108,152,119,33
263,108,144,82,62
338,108,128,64,64
407,108,170,104,66
425,108,128,72,56
462,108,140,126,14
637,108,137,53,84
528,109,152,96,56
581,109,83,79,4
239,110,149,93,56
706,110,134,83,51
823,110,137,75,62
16,111,134,68,66
137,111,176,110,66
210,111,155,73,82
359,111,145,118,27
410,111,148,94,54
671,111,152,72,80
747,111,128,99,29
259,112,87,87,0
263,112,140,78,62
272,112,134,89,45
422,112,141,68,73
583,112,165,104,61
607,112,129,83,46
327,113,122,71,51
535,113,156,64,92
279,114,140,49,91
776,114,123,84,39
336,115,141,82,59
590,115,156,118,38
669,115,165,76,89
676,115,144,87,57
249,116,147,93,54
305,116,147,76,71
574,116,133,80,53
705,116,130,68,62
808,116,147,84,63
809,116,102,100,2
3,117,154,75,79
135,117,167,117,50
310,117,132,62,70
363,117,129,90,39
549,118,125,75,50
692,118,132,63,69
210,119,152,72,80
373,119,135,84,51
419,119,146,93,53
779,119,118,84,34
807,119,118,89,29
812,119,132,79,53
239,120,151,108,43
688,120,146,91,55
817,120,125,76,49
788,122,170,98,72
145,124,153,108,45
210,124,151,72,79
326,124,144,93,51
829,124,130,96,34
50,125,92,95,-3
128,125,177,127,50
256,125,134,77,57
318,125,125,71,54
320,125,167,85,82
329,125,135,79,56
456,125,149,92,57
398,126,137,107,30
730,126,139,80,59
280,127,152,102,50
398,127,145,87,58
462,127,110,77,33
334,128,147,71,76
414,128,132,75,57
718,128,162,176,-14
124,129,146,79,67
153,129,162,119,43
239,129,89,76,13
366,129,155,102,53
422,129,123,69,54
4,130,151,100,51
13,130,170,89,81
124,130,165,111,54
390,130,151,93,58
209,131,161,98,63
366,131,161,119,42
674,132,150,86,64
376,133,130,62,68
511,133,139,79,60
695,133,149,87,62
753,133,124,78,46
86,134,154,96,58
138,134,175,108,67
143,134,163,122,41
225,134,152,99,53
310,134,128,63,65
312,134,142,78,64
359,134,147,106,41
769,134,147,90,57
290,135,159,72,87
512,135,160,87,73
692,135,131,69,62
382,136,155,92,63
697,136,153,94,59
86,137,153,90,63
792,137,150,79,71
121,138,178,110,68
436,138,165,91,74
586,138,149,83,66
800,138,146,88,58
163,139,167,104,63
289,139,149,84,65
302,139,73,73,0
361,139,140,72,68
755,139,137,89,48
133,140,165,108,57
142,140,170,111,59
248,140,117,73,44
262,140,143,83,60
430,140,122,82,40
57,141,136,79,57
157,141,166,121,45
248,141,152,88,64
488,141,108,90,18
560,141,161,105,56
481,142,139,100,39
811,142,142,93,49
21,143,142,81,61
161,144,169,134,35
321,144,149,89,60
345,144,166,100,66
381,144,131,95,36
411,144,137,56,81
820,144,133,90,43
109,145,161,88,73
336,145,135,79,56
345,145,177,108,69
644,145,134,76,58
138,146,174,117,57
260,146,166,85,81
476,146,136,72,64
691,146,151,95,56
161,147,166,128,38
255,147,167,75,92
281,147,133,63,70
617,147,138,96,42
379,148,113,79,34
517,148,132,82,50
260,149,139,90,49
310,149,146,73,73
771,150,159,95,64
795,150,145,98,47
821,150,136,76,60
325,151,150,87,63
407,151,181,74,107
680,151,147,80,67
358,152,154,92,62
363,152,165,67,98
436,152,137,102,35
544,152,132,78,54
676,152,133,76,57
366,153,156,108,48
528,153,134,88,46
715,153,150,81,69
797,153,144,108,36
214,154,165,89,76
271,154,170,75,95
403,154,139,107,32
497,154,111,85,26
691,154,159,99,60
767,154,153,102,51
152,155,154,75,79
345,155,156,93,63
601,155,159,103,56
753,155,122,81,41
795,155,148,92,56
52,156,146,79,67
258,156,150,78,72
565,156,145,94,51
590,156,153,111,42
167,157,165,112,53
283,157,166,97,69
466,157,137,102,35
620,157,163,107,56
704,157,149,72,77
163,158,172,109,63
283,158,166,93,73
128,159,178,111,67
283,159,167,88,79
832,159,132,69,63
132,160,176,78,98
239,160,136,78,58
256,160,134,78,56
632,160,169,116,53
663,160,168,118,50
101,161,154,80,74
243,161,155,86,69
675,161,167,85,82
308,162,145,64,81
316,162,126,102,24
19,164,130,100,30
445,164,136,73,63
605,164,140,85,55
832,164,144,65,79
318,165,131,87,44
328,165,145,87,58
213,166,141,79,62
244,166,155,98,57
307,166,147,79,68
412,166,129,93,36
70,167,123,84,39
704,168,170,77,93
84,169,146,89,57
267,169,156,68,88
271,169,168,65,103
56,170,154,85,69
126,170,175,107,68
143,170,163,118,45
164,170,167,99,68
244,170,150,81,69
281,171,131,62,69
39,172,172,92,80
256,172,130,78,52
317,172,138,72,66
26,174,152,110,42
128,174,171,120,51
279,174,142,70,72
341,174,132,92,40
641,174,134,81,53
466,175,182,81,101
94,176,164,94,70
274,176,164,95,69
316,176,156,141,15
445,176,131,79,52
745,176,151,77,74
6,177,165,101,64
6,177,173,105,68
153,177,166,120,46
241,177,151,80,71
278,177,136,74,62
6,178,166,102,64
278,178,132,80,52
702,178,156,113,43
137,179,173,111,62
96,180,166,89,77
243,180,160,94,66
263,180,132,90,42
265,180,152,97,55
310,180,131,59,72
413,180,175,102,73
685,180,149,82,67
138,181,173,112,61
290,181,146,67,79
702,181,148,102,46
414,182,134,71,63
807,182,150,86,64
145,183,174,91,83
248,183,137,67,70
186,184,171,89,82
239,184,110,72,38
816,184,140,101,39
239,186,155,59,96
307,187,143,68,75
337,187,160,89,71
117,188,150,89,61
145,188,149,97,52
309,188,151,86,65
589,188,146,90,56
787,188,158,88,70
6,189,167,80,87
264,189,173,92,81
413,189,142,83,59
754,189,156,78,78
393,190,137,101,36
476,190,144,86,58
617,190,133,61,72
658,190,132,73,59
331,191,141,77,64
281,193,121,82,39
413,195,172,98,74
477,195,139,83,56
495,195,162,98,64
684,195,92,71,21
710,195,159,80,79
248,196,142,84,58
310,197,104,62,42
403,197,143,101,42
86,198,123,92,31
157,199,61,64,-3
442,199,156,87,69
309,200,146,92,54
343,200,132,89,43
755,201,170,76,94
485,202,143,84,59
508,202,144,85,59
692,202,133,77,56
283,203,167,75,92
477,203,151,71,80
719,203,152,94,58
74,204,167,67,100
153,204,162,105,57
529,204,129,92,37
595,205,148,95,53
480,206,117,85,32
333,208,123,64,59
187,212,169,94,75
601,212,159,98,61
780,212,161,94,67
258,214,137,69,68
364,214,99,83,16
396,214,163,70,93
403,214,147,93,54
669,214,160,103,57
692,214,127,67,60
702,214,147,104,43
6,215,86,90,-4
132,215,161,108,53
326,215,144,92,52
44,216,140,94,46
137,216,180,114,66
319,216,141,69,72
368,216,146,89,57
239,217,158,83,75
388,218,111,62,49
407,218,147,92,55
302,219,150,88,62
350,220,138,67,71
560,220,149,96,53
692,220,151,66,85
24,221,120,99,21
125,221,157,91,66
702,223,116,87,29
258,224,147,87,60
22,225,95,96,-1
102,227,155,85,70
449,227,160,88,72
583,227,148,87,61
302,228,145,77,68
779,228,167,60,107
391,229,154,105,49
663,229,171,137,34
120,230,162,82,80
241,230,165,51,114
310,230,131,70,61
135,231,124,102,22
697,231,147,97,50
500,233,148,86,62
156,234,162,55,107
290,234,158,71,87
617,234,154,116,38
478,236,132,70,62
549,236,138,67,71
57,237,110,90,20
413,237,157,96,61
496,237,167,83,84
322,238,99,84,15
167,239,158,102,56
306,240,156,95,61
676,240,150,63,87
697,240,145,95,50
657,243,138,97,41
347,244,147,97,50
714,244,152,80,72
513,246,164,70,94
691,248,156,92,64
694,249,139,80,59
237,250,147,79,68
663,252,169,144,25
730,252,140,91,49
800,252,165,59,106
663,254,168,136,32
257,255,149,86,63
356,256,110,81,29
157,257,168,64,104
258,257,146,90,56
359,257,135,103,32
658,259,153,68,85
84,260,155,87,68
248,263,146,61,85
13,265,175,106,69
138,265,160,105,55
273,265,144,83,61
602,266,163,105,58
817,269,142,78,64
821,269,144,74,70
244,270,155,81,74
258,270,152,70,82
453,272,128,80,48
237,273,145,80,65
434,273,162,161,1
512,274,162,86,76
687,275,138,91,47
21,277,141,72,69
213,277,161,90,71
359,277,145,95,50
396,278,139,87,52
661,278,142,69,73
163,282,149,113,36
310,282,126,80,46
677,282,164,76,88
680,284,148,77,71
248,286,159,68,91
167,288,153,100,53
792,288,127,77,50
255,289,178,80,98
523,289,166,98,68
178,290,157,84,73
257,290,157,76,81
96,291,153,91,62
338,291,111,60,51
437,291,148,68,80
681,292,155,94,61
161,293,166,110,56
283,293,150,87,63
479,293,130,89,41
449,294,139,108,31
290,295,134,70,64
120,296,178,78,100
483,299,133,83,50
275,300,139,65,74
791,300,151,76,75
19,301,102,84,18
249,301,103,76,27
779,301,142,80,62
436,302,100,100,0
438,303,127,87,40
260,305,151,80,71
800,306,148,86,62
239,308,154,70,84
366,308,155,103,52
394,308,145,58,87
585,308,136,110,26
641,308,138,76,62
24,310,152,79,73
763,312,144,78,66
713,314,135,76,59
237,316,145,67,78
366,318,157,102,55
586,318,134,72,62
425,320,128,69,59
147,321,176,101,75
327,321,112,57,55
210,324,153,67,86
797,324,144,87,57
343,330,132,85,47
356,330,114,91,23
259,332,147,94,53
121,333,148,74,74
702,334,123,69,54
291,335,169,75,94
24,336,148,110,38
239,338,161,85,76
109,340,118,94,24
374,342,117,74,43
244,345,160,87,73
680,345,149,78,71
16,346,158,98,60
128,346,165,124,41
663,346,170,112,58
554,347,162,67,95
161,349,174,111,63
444,349,124,69,55
490,350,152,90,62
664,358,155,82,73
305,359,137,76,61
445,359,126,73,53
816,359,144,66,78
147,362,184,118,66
236,363,142,87,55
268,365,169,102,67
258,366,157,78,79
774,367,150,62,88
476,371,132,75,57
301,372,134,93,41
376,379,120,72,48
779,380,139,78,61
213,381,133,79,54
19,382,122,80,42
320,382,160,96,64
135,386,164,98,66
138,388,171,73,98
104,392,166,102,64
355,396,130,75,55
6,397,166,96,70
239,398,127,88,39
816,398,125,69,56
253,399,157,85,72
691,399,147,83,64
785,399,134,75,59
692,400,130,68,62
486,401,142,78,64
110,403,156,85,71
284,410,140,70,70
151,416,164,126,38
258,416,126,78,48
803,416,151,75,76
161,418,167,119,48
674,419,144,74,70
681,419,175,85,90
120,420,178,95,83
16,424,160,76,84
124,424,164,82,82
449,425,160,99,61
157,428,162,110,52
687,431,142,81,61
186,432,157,89,68
347,434,77,72,5
145,435,167,82,85
74,439,142,83,59
405,440,119,67,52
250,444,170,67,103
120,447,155,97,58
156,449,168,63,105
239,452,138,79,59
704,453,154,74,80
517,455,135,79,56
676,456,144,72,72
791,459,133,90,43
470,460,134,78,56
29,463,124,74,50
398,465,151,95,56
339,468,117,59,58
306,471,156,99,57
821,471,139,69,70
27,472,143,77,66
364,478,148,80,68
3,483,149,102,47
767,498,148,79,69
142,500,173,81,92
400,507,126,56,70
835,511,152,90,62
213,530,114,73,41
243,534,156,91,65
128,536,165,112,53
236,537,156,93,63
303,539,163,94,69
149,542,170,44,126
138,549,149,94,55
264,550,145,97,48
209,553,152,97,55
163,559,159,114,45
428,562,135,84,51
617,565,151,103,48
6,566,141,91,50
644,570,137,75,62
528,571,144,84,60
787,575,153,81,72
438,587,152,84,68
110,590,156,98,58
255,599,144,94,50
306,602,178,74,104
795,604,153,86,67
13,605,73,86,-13
63,605,142,81,61
276,619,144,67,77
35,622,129,81,48
152,623,154,103,51
472,630,160,75,85
157,631,162,95,67
138,637,160,102,58
319,654,159,66,93
29,658,145,100,45
669,661,170,106,64
6,682,129,76,53
236,696,163,78,85
748,708,170,88,82
3,712,177,94,83
164,728,166,78,88
236,762,154,93,61
398,771,146,96,50
617,809,142,110,32
743,840,153,102,51
805,845,140,74,66
39,862,146,92,54
790,866,132,64,68
186,879,158,142,16
17,886,138,75,63
43,892,152,66,86
810,898,169,69,100
193,899,159,47,112
831,913,125,76,49
810,950,146,90,56
145,963,143,92,51
96,995,161,86,75
121,1007,173,75,98
186,1074,160,97,63
213,1103,166,89,77
449,1121,125,80,45
27,1125,156,71,85
209,1244,162,83,79
135,1386,144,89,55
13,1429,143,84,59
835,1510,165,67,98
316,1567,162,99,63
350,1570,119,64,55
485,1586,157,75,82
17,1671,56,60,-4
27,1780,137,81,56
328,1886,127,81,46
328,1944,183,64,119
639,2028,143,90,53
339,2151,129,58,71
353,2203,131,74,57
43,2420,156,147,9
207,2423,158,69,89
316,2822,142,84,58
502,2833,100,85,15
493,3965,164,82,82
772,4146,168,65,103
347,4164,128,59,69
